source,disease,symptom_tags,symptom_text,num_symptoms
shanover_disease_symptoms_prec_full,(vertigo) Paroymsal Positional Vertigo,headache|nausea|spinning_movements|loss_of_balance|unsteadiness,"headache, nausea, spinning movements, loss of balance, unsteadiness",5
shanover_disease_symptoms_prec_full,(vertigo) Paroymsal Positional Vertigo,vomiting|headache|nausea|loss_of_balance|unsteadiness,"vomiting, headache, nausea, loss of balance, unsteadiness",5
shanover_disease_symptoms_prec_full,(vertigo) Paroymsal Positional Vertigo,vomiting|headache|nausea|spinning_movements|loss_of_balance,"vomiting, headache, nausea, spinning movements, loss of balance",5
shanover_disease_symptoms_prec_full,(vertigo) Paroymsal Positional Vertigo,vomiting|headache|nausea|spinning_movements|loss_of_balance|unsteadiness,"vomiting, headache, nausea, spinning movements, loss of balance, unsteadiness",6
shanover_disease_symptoms_prec_full,(vertigo) Paroymsal Positional Vertigo,vomiting|headache|nausea|spinning_movements|unsteadiness,"vomiting, headache, nausea, spinning movements, unsteadiness",5
shanover_disease_symptoms_prec_full,(vertigo) Paroymsal Positional Vertigo,vomiting|headache|spinning_movements|loss_of_balance|unsteadiness,"vomiting, headache, spinning movements, loss of balance, unsteadiness",5
shanover_disease_symptoms_prec_full,(vertigo) Paroymsal Positional Vertigo,vomiting|nausea|spinning_movements|loss_of_balance|unsteadiness,"vomiting, nausea, spinning movements, loss of balance, unsteadiness",5
shanover_disease_symptoms_prec_full,AIDS,muscle_wasting|high_fever|extra_marital_contacts,"muscle wasting, high fever, extra marital contacts",3
shanover_disease_symptoms_prec_full,AIDS,muscle_wasting|patches_in_throat|extra_marital_contacts,"muscle wasting, patches in throat, extra marital contacts",3
shanover_disease_symptoms_prec_full,AIDS,muscle_wasting|patches_in_throat|high_fever,"muscle wasting, patches in throat, high fever",3
shanover_disease_symptoms_prec_full,AIDS,muscle_wasting|patches_in_throat|high_fever|extra_marital_contacts,"muscle wasting, patches in throat, high fever, extra marital contacts",4
shanover_disease_symptoms_prec_full,AIDS,patches_in_throat|high_fever|extra_marital_contacts,"patches in throat, high fever, extra marital contacts",3
shanover_disease_symptoms_prec_full,Acne,pus_filled_pimples|blackheads|scurring,"pus filled pimples, blackheads, scurring",3
shanover_disease_symptoms_prec_full,Acne,skin_rash|blackheads|scurring,"skin rash, blackheads, scurring",3
shanover_disease_symptoms_prec_full,Acne,skin_rash|pus_filled_pimples|blackheads,"skin rash, pus filled pimples, blackheads",3
shanover_disease_symptoms_prec_full,Acne,skin_rash|pus_filled_pimples|blackheads|scurring,"skin rash, pus filled pimples, blackheads, scurring",4
shanover_disease_symptoms_prec_full,Acne,skin_rash|pus_filled_pimples|scurring,"skin rash, pus filled pimples, scurring",3
shanover_disease_symptoms_prec_full,Alcoholic hepatitis,vomiting|abdominal_pain|swelling_of_stomach|distention_of_abdomen|history_of_alcohol_consumption|fluid_overload,"vomiting, abdominal pain, swelling of stomach, distention of abdomen, history of alcohol consumption, fluid overload",6
shanover_disease_symptoms_prec_full,Alcoholic hepatitis,vomiting|yellowish_skin|abdominal_pain|distention_of_abdomen|history_of_alcohol_consumption|fluid_overload,"vomiting, yellowish skin, abdominal pain, distention of abdomen, history of alcohol consumption, fluid overload",6
shanover_disease_symptoms_prec_full,Alcoholic hepatitis,vomiting|yellowish_skin|abdominal_pain|swelling_of_stomach|distention_of_abdomen|fluid_overload,"vomiting, yellowish skin, abdominal pain, swelling of stomach, distention of abdomen, fluid overload",6
shanover_disease_symptoms_prec_full,Alcoholic hepatitis,vomiting|yellowish_skin|abdominal_pain|swelling_of_stomach|distention_of_abdomen|history_of_alcohol_consumption,"vomiting, yellowish skin, abdominal pain, swelling of stomach, distention of abdomen, history of alcohol consumption",6
shanover_disease_symptoms_prec_full,Alcoholic hepatitis,vomiting|yellowish_skin|abdominal_pain|swelling_of_stomach|distention_of_abdomen|history_of_alcohol_consumption|fluid_overload,"vomiting, yellowish skin, abdominal pain, swelling of stomach, distention of abdomen, history of alcohol consumption, fluid overload",7
shanover_disease_symptoms_prec_full,Alcoholic hepatitis,vomiting|yellowish_skin|abdominal_pain|swelling_of_stomach|history_of_alcohol_consumption|fluid_overload,"vomiting, yellowish skin, abdominal pain, swelling of stomach, history of alcohol consumption, fluid overload",6
shanover_disease_symptoms_prec_full,Alcoholic hepatitis,vomiting|yellowish_skin|swelling_of_stomach|distention_of_abdomen|history_of_alcohol_consumption|fluid_overload,"vomiting, yellowish skin, swelling of stomach, distention of abdomen, history of alcohol consumption, fluid overload",6
shanover_disease_symptoms_prec_full,Alcoholic hepatitis,yellowish_skin|abdominal_pain|swelling_of_stomach|distention_of_abdomen|history_of_alcohol_consumption|fluid_overload,"yellowish skin, abdominal pain, swelling of stomach, distention of abdomen, history of alcohol consumption, fluid overload",6
shanover_disease_symptoms_prec_full,Allergy,continuous_sneezing|chills|watering_from_eyes,"continuous sneezing, chills, watering from eyes",3
shanover_disease_symptoms_prec_full,Allergy,continuous_sneezing|shivering|chills,"continuous sneezing, shivering, chills",3
shanover_disease_symptoms_prec_full,Allergy,continuous_sneezing|shivering|chills|watering_from_eyes,"continuous sneezing, shivering, chills, watering from eyes",4
shanover_disease_symptoms_prec_full,Allergy,continuous_sneezing|shivering|watering_from_eyes,"continuous sneezing, shivering, watering from eyes",3
shanover_disease_symptoms_prec_full,Allergy,shivering|chills|watering_from_eyes,"shivering, chills, watering from eyes",3
shanover_disease_symptoms_prec_full,Arthritis,muscle_weakness|stiff_neck|movement_stiffness|painful_walking,"muscle weakness, stiff neck, movement stiffness, painful walking",4
shanover_disease_symptoms_prec_full,Arthritis,muscle_weakness|stiff_neck|swelling_joints|movement_stiffness,"muscle weakness, stiff neck, swelling joints, movement stiffness",4
shanover_disease_symptoms_prec_full,Arthritis,muscle_weakness|stiff_neck|swelling_joints|movement_stiffness|painful_walking,"muscle weakness, stiff neck, swelling joints, movement stiffness, painful walking",5
shanover_disease_symptoms_prec_full,Arthritis,muscle_weakness|stiff_neck|swelling_joints|painful_walking,"muscle weakness, stiff neck, swelling joints, painful walking",4
shanover_disease_symptoms_prec_full,Arthritis,muscle_weakness|swelling_joints|movement_stiffness|painful_walking,"muscle weakness, swelling joints, movement stiffness, painful walking",4
shanover_disease_symptoms_prec_full,Arthritis,stiff_neck|swelling_joints|movement_stiffness|painful_walking,"stiff neck, swelling joints, movement stiffness, painful walking",4
shanover_disease_symptoms_prec_full,Bronchial Asthma,cough|high_fever|breathlessness|family_history|mucoid_sputum,"cough, high fever, breathlessness, family history, mucoid sputum",5
shanover_disease_symptoms_prec_full,Bronchial Asthma,fatigue|cough|breathlessness|family_history|mucoid_sputum,"fatigue, cough, breathlessness, family history, mucoid sputum",5
shanover_disease_symptoms_prec_full,Bronchial Asthma,fatigue|cough|high_fever|breathlessness|family_history,"fatigue, cough, high fever, breathlessness, family history",5
shanover_disease_symptoms_prec_full,Bronchial Asthma,fatigue|cough|high_fever|breathlessness|family_history|mucoid_sputum,"fatigue, cough, high fever, breathlessness, family history, mucoid sputum",6
shanover_disease_symptoms_prec_full,Bronchial Asthma,fatigue|cough|high_fever|breathlessness|mucoid_sputum,"fatigue, cough, high fever, breathlessness, mucoid sputum",5
shanover_disease_symptoms_prec_full,Bronchial Asthma,fatigue|cough|high_fever|family_history|mucoid_sputum,"fatigue, cough, high fever, family history, mucoid sputum",5
shanover_disease_symptoms_prec_full,Bronchial Asthma,fatigue|high_fever|breathlessness|family_history|mucoid_sputum,"fatigue, high fever, breathlessness, family history, mucoid sputum",5
shanover_disease_symptoms_prec_full,Cervical spondylosis,back_pain|neck_pain|dizziness|loss_of_balance,"back pain, neck pain, dizziness, loss of balance",4
shanover_disease_symptoms_prec_full,Cervical spondylosis,back_pain|weakness_in_limbs|dizziness|loss_of_balance,"back pain, weakness in limbs, dizziness, loss of balance",4
shanover_disease_symptoms_prec_full,Cervical spondylosis,back_pain|weakness_in_limbs|neck_pain|dizziness,"back pain, weakness in limbs, neck pain, dizziness",4
shanover_disease_symptoms_prec_full,Cervical spondylosis,back_pain|weakness_in_limbs|neck_pain|dizziness|loss_of_balance,"back pain, weakness in limbs, neck pain, dizziness, loss of balance",5
shanover_disease_symptoms_prec_full,Cervical spondylosis,back_pain|weakness_in_limbs|neck_pain|loss_of_balance,"back pain, weakness in limbs, neck pain, loss of balance",4
shanover_disease_symptoms_prec_full,Cervical spondylosis,weakness_in_limbs|neck_pain|dizziness|loss_of_balance,"weakness in limbs, neck pain, dizziness, loss of balance",4
shanover_disease_symptoms_prec_full,Chicken pox,itching|fatigue|lethargy|high_fever|headache|loss_of_appetite|mild_fever|swelled_lymph_nodes|malaise|red_spots_over_body,"itching, fatigue, lethargy, high fever, headache, loss of appetite, mild fever, swelled lymph nodes, malaise, red spots over body",10
shanover_disease_symptoms_prec_full,Chicken pox,itching|skin_rash|fatigue|high_fever|headache|loss_of_appetite|mild_fever|swelled_lymph_nodes|malaise|red_spots_over_body,"itching, skin rash, fatigue, high fever, headache, loss of appetite, mild fever, swelled lymph nodes, malaise, red spots over body",10
shanover_disease_symptoms_prec_full,Chicken pox,itching|skin_rash|fatigue|lethargy|headache|loss_of_appetite|mild_fever|swelled_lymph_nodes|malaise|red_spots_over_body,"itching, skin rash, fatigue, lethargy, headache, loss of appetite, mild fever, swelled lymph nodes, malaise, red spots over body",10
shanover_disease_symptoms_prec_full,Chicken pox,itching|skin_rash|fatigue|lethargy|high_fever|headache|loss_of_appetite|mild_fever|malaise|red_spots_over_body,"itching, skin rash, fatigue, lethargy, high fever, headache, loss of appetite, mild fever, malaise, red spots over body",10
shanover_disease_symptoms_prec_full,Chicken pox,itching|skin_rash|fatigue|lethargy|high_fever|headache|loss_of_appetite|mild_fever|swelled_lymph_nodes|malaise|red_spots_over_body,"itching, skin rash, fatigue, lethargy, high fever, headache, loss of appetite, mild fever, swelled lymph nodes, malaise, red spots over body",11
shanover_disease_symptoms_prec_full,Chicken pox,itching|skin_rash|fatigue|lethargy|high_fever|headache|loss_of_appetite|swelled_lymph_nodes|malaise|red_spots_over_body,"itching, skin rash, fatigue, lethargy, high fever, headache, loss of appetite, swelled lymph nodes, malaise, red spots over body",10
shanover_disease_symptoms_prec_full,Chicken pox,itching|skin_rash|fatigue|lethargy|high_fever|headache|mild_fever|swelled_lymph_nodes|malaise|red_spots_over_body,"itching, skin rash, fatigue, lethargy, high fever, headache, mild fever, swelled lymph nodes, malaise, red spots over body",10
shanover_disease_symptoms_prec_full,Chicken pox,itching|skin_rash|fatigue|lethargy|high_fever|loss_of_appetite|mild_fever|swelled_lymph_nodes|malaise|red_spots_over_body,"itching, skin rash, fatigue, lethargy, high fever, loss of appetite, mild fever, swelled lymph nodes, malaise, red spots over body",10
shanover_disease_symptoms_prec_full,Chicken pox,itching|skin_rash|lethargy|high_fever|headache|loss_of_appetite|mild_fever|swelled_lymph_nodes|malaise|red_spots_over_body,"itching, skin rash, lethargy, high fever, headache, loss of appetite, mild fever, swelled lymph nodes, malaise, red spots over body",10
shanover_disease_symptoms_prec_full,Chicken pox,skin_rash|fatigue|lethargy|high_fever|headache|loss_of_appetite|mild_fever|swelled_lymph_nodes|malaise|red_spots_over_body,"skin rash, fatigue, lethargy, high fever, headache, loss of appetite, mild fever, swelled lymph nodes, malaise, red spots over body",10
shanover_disease_symptoms_prec_full,Chronic cholestasis,itching|vomiting|nausea|loss_of_appetite|abdominal_pain|yellowing_of_eyes,"itching, vomiting, nausea, loss of appetite, abdominal pain, yellowing of eyes",6
shanover_disease_symptoms_prec_full,Chronic cholestasis,itching|vomiting|yellowish_skin|loss_of_appetite|abdominal_pain|yellowing_of_eyes,"itching, vomiting, yellowish skin, loss of appetite, abdominal pain, yellowing of eyes",6
shanover_disease_symptoms_prec_full,Chronic cholestasis,itching|vomiting|yellowish_skin|nausea|abdominal_pain|yellowing_of_eyes,"itching, vomiting, yellowish skin, nausea, abdominal pain, yellowing of eyes",6
shanover_disease_symptoms_prec_full,Chronic cholestasis,itching|vomiting|yellowish_skin|nausea|loss_of_appetite|abdominal_pain,"itching, vomiting, yellowish skin, nausea, loss of appetite, abdominal pain",6
shanover_disease_symptoms_prec_full,Chronic cholestasis,itching|vomiting|yellowish_skin|nausea|loss_of_appetite|abdominal_pain|yellowing_of_eyes,"itching, vomiting, yellowish skin, nausea, loss of appetite, abdominal pain, yellowing of eyes",7
shanover_disease_symptoms_prec_full,Chronic cholestasis,itching|vomiting|yellowish_skin|nausea|loss_of_appetite|yellowing_of_eyes,"itching, vomiting, yellowish skin, nausea, loss of appetite, yellowing of eyes",6
shanover_disease_symptoms_prec_full,Chronic cholestasis,itching|yellowish_skin|nausea|loss_of_appetite|abdominal_pain|yellowing_of_eyes,"itching, yellowish skin, nausea, loss of appetite, abdominal pain, yellowing of eyes",6
shanover_disease_symptoms_prec_full,Chronic cholestasis,vomiting|yellowish_skin|nausea|loss_of_appetite|abdominal_pain|yellowing_of_eyes,"vomiting, yellowish skin, nausea, loss of appetite, abdominal pain, yellowing of eyes",6
shanover_disease_symptoms_prec_full,Common Cold,chills|fatigue|cough|high_fever|headache|swelled_lymph_nodes|malaise|phlegm|throat_irritation|redness_of_eyes|sinus_pressure|runny_nose|congestion|chest_pain|loss_of_smell|muscle_pain,"chills, fatigue, cough, high fever, headache, swelled lymph nodes, malaise, phlegm, throat irritation, redness of eyes, sinus pressure, runny nose, congestion, chest pain, loss of smell, muscle pain",16
shanover_disease_symptoms_prec_full,Common Cold,continuous_sneezing|chills|cough|high_fever|headache|swelled_lymph_nodes|malaise|phlegm|throat_irritation|redness_of_eyes|sinus_pressure|runny_nose|congestion|chest_pain|loss_of_smell|muscle_pain,"continuous sneezing, chills, cough, high fever, headache, swelled lymph nodes, malaise, phlegm, throat irritation, redness of eyes, sinus pressure, runny nose, congestion, chest pain, loss of smell, muscle pain",16
shanover_disease_symptoms_prec_full,Common Cold,continuous_sneezing|chills|fatigue|cough|headache|swelled_lymph_nodes|malaise|phlegm|throat_irritation|redness_of_eyes|sinus_pressure|runny_nose|congestion|chest_pain|loss_of_smell|muscle_pain,"continuous sneezing, chills, fatigue, cough, headache, swelled lymph nodes, malaise, phlegm, throat irritation, redness of eyes, sinus pressure, runny nose, congestion, chest pain, loss of smell, muscle pain",16
shanover_disease_symptoms_prec_full,Common Cold,continuous_sneezing|chills|fatigue|cough|high_fever|headache|malaise|phlegm|throat_irritation|redness_of_eyes|sinus_pressure|runny_nose|congestion|chest_pain|loss_of_smell|muscle_pain,"continuous sneezing, chills, fatigue, cough, high fever, headache, malaise, phlegm, throat irritation, redness of eyes, sinus pressure, runny nose, congestion, chest pain, loss of smell, muscle pain",16
shanover_disease_symptoms_prec_full,Common Cold,continuous_sneezing|chills|fatigue|cough|high_fever|headache|swelled_lymph_nodes|malaise|phlegm|throat_irritation|redness_of_eyes|sinus_pressure|runny_nose|congestion|chest_pain|loss_of_smell|muscle_pain,"continuous sneezing, chills, fatigue, cough, high fever, headache, swelled lymph nodes, malaise, phlegm, throat irritation, redness of eyes, sinus pressure, runny nose, congestion, chest pain, loss of smell, muscle pain",17
shanover_disease_symptoms_prec_full,Common Cold,continuous_sneezing|chills|fatigue|cough|high_fever|headache|swelled_lymph_nodes|phlegm|throat_irritation|redness_of_eyes|sinus_pressure|runny_nose|congestion|chest_pain|loss_of_smell|muscle_pain,"continuous sneezing, chills, fatigue, cough, high fever, headache, swelled lymph nodes, phlegm, throat irritation, redness of eyes, sinus pressure, runny nose, congestion, chest pain, loss of smell, muscle pain",16
shanover_disease_symptoms_prec_full,Common Cold,continuous_sneezing|chills|fatigue|cough|high_fever|swelled_lymph_nodes|malaise|phlegm|throat_irritation|redness_of_eyes|sinus_pressure|runny_nose|congestion|chest_pain|loss_of_smell|muscle_pain,"continuous sneezing, chills, fatigue, cough, high fever, swelled lymph nodes, malaise, phlegm, throat irritation, redness of eyes, sinus pressure, runny nose, congestion, chest pain, loss of smell, muscle pain",16
shanover_disease_symptoms_prec_full,Common Cold,continuous_sneezing|chills|fatigue|high_fever|headache|swelled_lymph_nodes|malaise|phlegm|throat_irritation|redness_of_eyes|sinus_pressure|runny_nose|congestion|chest_pain|loss_of_smell|muscle_pain,"continuous sneezing, chills, fatigue, high fever, headache, swelled lymph nodes, malaise, phlegm, throat irritation, redness of eyes, sinus pressure, runny nose, congestion, chest pain, loss of smell, muscle pain",16
shanover_disease_symptoms_prec_full,Common Cold,continuous_sneezing|fatigue|cough|high_fever|headache|swelled_lymph_nodes|malaise|phlegm|throat_irritation|redness_of_eyes|sinus_pressure|runny_nose|congestion|chest_pain|loss_of_smell|muscle_pain,"continuous sneezing, fatigue, cough, high fever, headache, swelled lymph nodes, malaise, phlegm, throat irritation, redness of eyes, sinus pressure, runny nose, congestion, chest pain, loss of smell, muscle pain",16
shanover_disease_symptoms_prec_full,Dengue,chills|joint_pain|vomiting|fatigue|high_fever|headache|nausea|loss_of_appetite|pain_behind_the_eyes|back_pain|malaise|muscle_pain|red_spots_over_body,"chills, joint pain, vomiting, fatigue, high fever, headache, nausea, loss of appetite, pain behind the eyes, back pain, malaise, muscle pain, red spots over body",13
shanover_disease_symptoms_prec_full,Dengue,skin_rash|chills|joint_pain|fatigue|high_fever|headache|nausea|loss_of_appetite|pain_behind_the_eyes|back_pain|malaise|muscle_pain|red_spots_over_body,"skin rash, chills, joint pain, fatigue, high fever, headache, nausea, loss of appetite, pain behind the eyes, back pain, malaise, muscle pain, red spots over body",13
shanover_disease_symptoms_prec_full,Dengue,skin_rash|chills|joint_pain|vomiting|fatigue|headache|nausea|loss_of_appetite|pain_behind_the_eyes|back_pain|malaise|muscle_pain|red_spots_over_body,"skin rash, chills, joint pain, vomiting, fatigue, headache, nausea, loss of appetite, pain behind the eyes, back pain, malaise, muscle pain, red spots over body",13
shanover_disease_symptoms_prec_full,Dengue,skin_rash|chills|joint_pain|vomiting|fatigue|high_fever|headache|nausea|loss_of_appetite|pain_behind_the_eyes|back_pain|malaise|muscle_pain,"skin rash, chills, joint pain, vomiting, fatigue, high fever, headache, nausea, loss of appetite, pain behind the eyes, back pain, malaise, muscle pain",13
shanover_disease_symptoms_prec_full,Dengue,skin_rash|chills|joint_pain|vomiting|fatigue|high_fever|headache|nausea|loss_of_appetite|pain_behind_the_eyes|back_pain|malaise|muscle_pain|red_spots_over_body,"skin rash, chills, joint pain, vomiting, fatigue, high fever, headache, nausea, loss of appetite, pain behind the eyes, back pain, malaise, muscle pain, red spots over body",14
shanover_disease_symptoms_prec_full,Dengue,skin_rash|chills|joint_pain|vomiting|fatigue|high_fever|headache|nausea|loss_of_appetite|pain_behind_the_eyes|back_pain|malaise|red_spots_over_body,"skin rash, chills, joint pain, vomiting, fatigue, high fever, headache, nausea, loss of appetite, pain behind the eyes, back pain, malaise, red spots over body",13
shanover_disease_symptoms_prec_full,Dengue,skin_rash|chills|joint_pain|vomiting|fatigue|high_fever|headache|nausea|loss_of_appetite|pain_behind_the_eyes|back_pain|muscle_pain|red_spots_over_body,"skin rash, chills, joint pain, vomiting, fatigue, high fever, headache, nausea, loss of appetite, pain behind the eyes, back pain, muscle pain, red spots over body",13
shanover_disease_symptoms_prec_full,Dengue,skin_rash|chills|joint_pain|vomiting|high_fever|headache|nausea|loss_of_appetite|pain_behind_the_eyes|back_pain|malaise|muscle_pain|red_spots_over_body,"skin rash, chills, joint pain, vomiting, high fever, headache, nausea, loss of appetite, pain behind the eyes, back pain, malaise, muscle pain, red spots over body",13
shanover_disease_symptoms_prec_full,Dengue,skin_rash|chills|vomiting|fatigue|high_fever|headache|nausea|loss_of_appetite|pain_behind_the_eyes|back_pain|malaise|muscle_pain|red_spots_over_body,"skin rash, chills, vomiting, fatigue, high fever, headache, nausea, loss of appetite, pain behind the eyes, back pain, malaise, muscle pain, red spots over body",13
shanover_disease_symptoms_prec_full,Dengue,skin_rash|joint_pain|vomiting|fatigue|high_fever|headache|nausea|loss_of_appetite|pain_behind_the_eyes|back_pain|malaise|muscle_pain|red_spots_over_body,"skin rash, joint pain, vomiting, fatigue, high fever, headache, nausea, loss of appetite, pain behind the eyes, back pain, malaise, muscle pain, red spots over body",13
shanover_disease_symptoms_prec_full,Diabetes,fatigue|restlessness|lethargy|irregular_sugar_level|blurred_and_distorted_vision|obesity|excessive_hunger|increased_appetite|polyuria,"fatigue, restlessness, lethargy, irregular sugar level, blurred and distorted vision, obesity, excessive hunger, increased appetite, polyuria",9
shanover_disease_symptoms_prec_full,Diabetes,fatigue|weight_loss|lethargy|irregular_sugar_level|blurred_and_distorted_vision|obesity|excessive_hunger|increased_appetite|polyuria,"fatigue, weight loss, lethargy, irregular sugar level, blurred and distorted vision, obesity, excessive hunger, increased appetite, polyuria",9
shanover_disease_symptoms_prec_full,Diabetes,fatigue|weight_loss|restlessness|irregular_sugar_level|blurred_and_distorted_vision|obesity|excessive_hunger|increased_appetite|polyuria,"fatigue, weight loss, restlessness, irregular sugar level, blurred and distorted vision, obesity, excessive hunger, increased appetite, polyuria",9
shanover_disease_symptoms_prec_full,Diabetes,fatigue|weight_loss|restlessness|lethargy|blurred_and_distorted_vision|obesity|excessive_hunger|increased_appetite|polyuria,"fatigue, weight loss, restlessness, lethargy, blurred and distorted vision, obesity, excessive hunger, increased appetite, polyuria",9
shanover_disease_symptoms_prec_full,Diabetes,fatigue|weight_loss|restlessness|lethargy|irregular_sugar_level|blurred_and_distorted_vision|excessive_hunger|increased_appetite|polyuria,"fatigue, weight loss, restlessness, lethargy, irregular sugar level, blurred and distorted vision, excessive hunger, increased appetite, polyuria",9
shanover_disease_symptoms_prec_full,Diabetes,fatigue|weight_loss|restlessness|lethargy|irregular_sugar_level|blurred_and_distorted_vision|obesity|excessive_hunger|increased_appetite|polyuria,"fatigue, weight loss, restlessness, lethargy, irregular sugar level, blurred and distorted vision, obesity, excessive hunger, increased appetite, polyuria",10
shanover_disease_symptoms_prec_full,Diabetes,fatigue|weight_loss|restlessness|lethargy|irregular_sugar_level|blurred_and_distorted_vision|obesity|increased_appetite|polyuria,"fatigue, weight loss, restlessness, lethargy, irregular sugar level, blurred and distorted vision, obesity, increased appetite, polyuria",9
shanover_disease_symptoms_prec_full,Diabetes,fatigue|weight_loss|restlessness|lethargy|irregular_sugar_level|obesity|excessive_hunger|increased_appetite|polyuria,"fatigue, weight loss, restlessness, lethargy, irregular sugar level, obesity, excessive hunger, increased appetite, polyuria",9
shanover_disease_symptoms_prec_full,Diabetes,weight_loss|restlessness|lethargy|irregular_sugar_level|blurred_and_distorted_vision|obesity|excessive_hunger|increased_appetite|polyuria,"weight loss, restlessness, lethargy, irregular sugar level, blurred and distorted vision, obesity, excessive hunger, increased appetite, polyuria",9
shanover_disease_symptoms_prec_full,Dimorphic hemmorhoids(piles),constipation|pain_during_bowel_movements|bloody_stool|irritation_in_anus,"constipation, pain during bowel movements, bloody stool, irritation in anus",4
shanover_disease_symptoms_prec_full,Dimorphic hemmorhoids(piles),constipation|pain_during_bowel_movements|pain_in_anal_region|bloody_stool,"constipation, pain during bowel movements, pain in anal region, bloody stool",4
shanover_disease_symptoms_prec_full,Dimorphic hemmorhoids(piles),constipation|pain_during_bowel_movements|pain_in_anal_region|bloody_stool|irritation_in_anus,"constipation, pain during bowel movements, pain in anal region, bloody stool, irritation in anus",5
shanover_disease_symptoms_prec_full,Dimorphic hemmorhoids(piles),constipation|pain_during_bowel_movements|pain_in_anal_region|irritation_in_anus,"constipation, pain during bowel movements, pain in anal region, irritation in anus",4
shanover_disease_symptoms_prec_full,Dimorphic hemmorhoids(piles),constipation|pain_in_anal_region|bloody_stool|irritation_in_anus,"constipation, pain in anal region, bloody stool, irritation in anus",4
shanover_disease_symptoms_prec_full,Dimorphic hemmorhoids(piles),pain_during_bowel_movements|pain_in_anal_region|bloody_stool|irritation_in_anus,"pain during bowel movements, pain in anal region, bloody stool, irritation in anus",4
shanover_disease_symptoms_prec_full,Drug Reaction,itching|skin_rash|burning_micturition|spotting_urination,"itching, skin rash, burning micturition, spotting urination",4
shanover_disease_symptoms_prec_full,Drug Reaction,itching|skin_rash|stomach_pain|burning_micturition,"itching, skin rash, stomach pain, burning micturition",4
shanover_disease_symptoms_prec_full,Drug Reaction,itching|skin_rash|stomach_pain|burning_micturition|spotting_urination,"itching, skin rash, stomach pain, burning micturition, spotting urination",5
shanover_disease_symptoms_prec_full,Drug Reaction,itching|skin_rash|stomach_pain|spotting_urination,"itching, skin rash, stomach pain, spotting urination",4
shanover_disease_symptoms_prec_full,Drug Reaction,itching|stomach_pain|burning_micturition|spotting_urination,"itching, stomach pain, burning micturition, spotting urination",4
shanover_disease_symptoms_prec_full,Drug Reaction,skin_rash|stomach_pain|burning_micturition|spotting_urination,"skin rash, stomach pain, burning micturition, spotting urination",4
shanover_disease_symptoms_prec_full,Fungal infection,itching|nodal_skin_eruptions|dischromic_patches,"itching, nodal skin eruptions, dischromic patches",3
shanover_disease_symptoms_prec_full,Fungal infection,itching|skin_rash|dischromic_patches,"itching, skin rash, dischromic patches",3
shanover_disease_symptoms_prec_full,Fungal infection,itching|skin_rash|nodal_skin_eruptions,"itching, skin rash, nodal skin eruptions",3
shanover_disease_symptoms_prec_full,Fungal infection,itching|skin_rash|nodal_skin_eruptions|dischromic_patches,"itching, skin rash, nodal skin eruptions, dischromic patches",4
shanover_disease_symptoms_prec_full,Fungal infection,skin_rash|nodal_skin_eruptions|dischromic_patches,"skin rash, nodal skin eruptions, dischromic patches",3
shanover_disease_symptoms_prec_full,GERD,acidity|ulcers_on_tongue|vomiting|cough|chest_pain,"acidity, ulcers on tongue, vomiting, cough, chest pain",5
shanover_disease_symptoms_prec_full,GERD,stomach_pain|acidity|ulcers_on_tongue|cough|chest_pain,"stomach pain, acidity, ulcers on tongue, cough, chest pain",5
shanover_disease_symptoms_prec_full,GERD,stomach_pain|acidity|ulcers_on_tongue|vomiting|chest_pain,"stomach pain, acidity, ulcers on tongue, vomiting, chest pain",5
shanover_disease_symptoms_prec_full,GERD,stomach_pain|acidity|ulcers_on_tongue|vomiting|cough,"stomach pain, acidity, ulcers on tongue, vomiting, cough",5
shanover_disease_symptoms_prec_full,GERD,stomach_pain|acidity|ulcers_on_tongue|vomiting|cough|chest_pain,"stomach pain, acidity, ulcers on tongue, vomiting, cough, chest pain",6
shanover_disease_symptoms_prec_full,GERD,stomach_pain|acidity|vomiting|cough|chest_pain,"stomach pain, acidity, vomiting, cough, chest pain",5
shanover_disease_symptoms_prec_full,GERD,stomach_pain|ulcers_on_tongue|vomiting|cough|chest_pain,"stomach pain, ulcers on tongue, vomiting, cough, chest pain",5
shanover_disease_symptoms_prec_full,Gastroenteritis,sunken_eyes|dehydration|diarrhoea,"sunken eyes, dehydration, diarrhoea",3
shanover_disease_symptoms_prec_full,Gastroenteritis,vomiting|dehydration|diarrhoea,"vomiting, dehydration, diarrhoea",3
shanover_disease_symptoms_prec_full,Gastroenteritis,vomiting|sunken_eyes|dehydration,"vomiting, sunken eyes, dehydration",3
shanover_disease_symptoms_prec_full,Gastroenteritis,vomiting|sunken_eyes|dehydration|diarrhoea,"vomiting, sunken eyes, dehydration, diarrhoea",4
shanover_disease_symptoms_prec_full,Gastroenteritis,vomiting|sunken_eyes|diarrhoea,"vomiting, sunken eyes, diarrhoea",3
shanover_disease_symptoms_prec_full,Heart attack,breathlessness|sweating|chest_pain,"breathlessness, sweating, chest pain",3
shanover_disease_symptoms_prec_full,Heart attack,vomiting|breathlessness|chest_pain,"vomiting, breathlessness, chest pain",3
shanover_disease_symptoms_prec_full,Heart attack,vomiting|breathlessness|sweating,"vomiting, breathlessness, sweating",3
shanover_disease_symptoms_prec_full,Heart attack,vomiting|breathlessness|sweating|chest_pain,"vomiting, breathlessness, sweating, chest pain",4
shanover_disease_symptoms_prec_full,Heart attack,vomiting|sweating|chest_pain,"vomiting, sweating, chest pain",3
shanover_disease_symptoms_prec_full,Hepatitis B,fatigue|lethargy|yellowish_skin|dark_urine|loss_of_appetite|abdominal_pain|yellow_urine|yellowing_of_eyes|malaise|receiving_blood_transfusion|receiving_unsterile_injections,"fatigue, lethargy, yellowish skin, dark urine, loss of appetite, abdominal pain, yellow urine, yellowing of eyes, malaise, receiving blood transfusion, receiving unsterile injections",11
shanover_disease_symptoms_prec_full,Hepatitis B,itching|fatigue|lethargy|dark_urine|loss_of_appetite|abdominal_pain|yellow_urine|yellowing_of_eyes|malaise|receiving_blood_transfusion|receiving_unsterile_injections,"itching, fatigue, lethargy, dark urine, loss of appetite, abdominal pain, yellow urine, yellowing of eyes, malaise, receiving blood transfusion, receiving unsterile injections",11
shanover_disease_symptoms_prec_full,Hepatitis B,itching|fatigue|lethargy|yellowish_skin|dark_urine|abdominal_pain|yellow_urine|yellowing_of_eyes|malaise|receiving_blood_transfusion|receiving_unsterile_injections,"itching, fatigue, lethargy, yellowish skin, dark urine, abdominal pain, yellow urine, yellowing of eyes, malaise, receiving blood transfusion, receiving unsterile injections",11
shanover_disease_symptoms_prec_full,Hepatitis B,itching|fatigue|lethargy|yellowish_skin|dark_urine|loss_of_appetite|abdominal_pain|yellow_urine|yellowing_of_eyes|malaise|receiving_blood_transfusion|receiving_unsterile_injections,"itching, fatigue, lethargy, yellowish skin, dark urine, loss of appetite, abdominal pain, yellow urine, yellowing of eyes, malaise, receiving blood transfusion, receiving unsterile injections",12
shanover_disease_symptoms_prec_full,Hepatitis B,itching|fatigue|lethargy|yellowish_skin|dark_urine|loss_of_appetite|abdominal_pain|yellowing_of_eyes|malaise|receiving_blood_transfusion|receiving_unsterile_injections,"itching, fatigue, lethargy, yellowish skin, dark urine, loss of appetite, abdominal pain, yellowing of eyes, malaise, receiving blood transfusion, receiving unsterile injections",11
shanover_disease_symptoms_prec_full,Hepatitis B,itching|fatigue|lethargy|yellowish_skin|dark_urine|loss_of_appetite|yellow_urine|yellowing_of_eyes|malaise|receiving_blood_transfusion|receiving_unsterile_injections,"itching, fatigue, lethargy, yellowish skin, dark urine, loss of appetite, yellow urine, yellowing of eyes, malaise, receiving blood transfusion, receiving unsterile injections",11
shanover_disease_symptoms_prec_full,Hepatitis B,itching|fatigue|lethargy|yellowish_skin|loss_of_appetite|abdominal_pain|yellow_urine|yellowing_of_eyes|malaise|receiving_blood_transfusion|receiving_unsterile_injections,"itching, fatigue, lethargy, yellowish skin, loss of appetite, abdominal pain, yellow urine, yellowing of eyes, malaise, receiving blood transfusion, receiving unsterile injections",11
shanover_disease_symptoms_prec_full,Hepatitis B,itching|fatigue|yellowish_skin|dark_urine|loss_of_appetite|abdominal_pain|yellow_urine|yellowing_of_eyes|malaise|receiving_blood_transfusion|receiving_unsterile_injections,"itching, fatigue, yellowish skin, dark urine, loss of appetite, abdominal pain, yellow urine, yellowing of eyes, malaise, receiving blood transfusion, receiving unsterile injections",11
shanover_disease_symptoms_prec_full,Hepatitis B,itching|lethargy|yellowish_skin|dark_urine|loss_of_appetite|abdominal_pain|yellow_urine|yellowing_of_eyes|malaise|receiving_blood_transfusion|receiving_unsterile_injections,"itching, lethargy, yellowish skin, dark urine, loss of appetite, abdominal pain, yellow urine, yellowing of eyes, malaise, receiving blood transfusion, receiving unsterile injections",11
shanover_disease_symptoms_prec_full,Hepatitis C,fatigue|nausea|loss_of_appetite|yellowing_of_eyes|family_history,"fatigue, nausea, loss of appetite, yellowing of eyes, family history",5
shanover_disease_symptoms_prec_full,Hepatitis C,fatigue|yellowish_skin|loss_of_appetite|yellowing_of_eyes|family_history,"fatigue, yellowish skin, loss of appetite, yellowing of eyes, family history",5
shanover_disease_symptoms_prec_full,Hepatitis C,fatigue|yellowish_skin|nausea|loss_of_appetite|family_history,"fatigue, yellowish skin, nausea, loss of appetite, family history",5
shanover_disease_symptoms_prec_full,Hepatitis C,fatigue|yellowish_skin|nausea|loss_of_appetite|yellowing_of_eyes,"fatigue, yellowish skin, nausea, loss of appetite, yellowing of eyes",5
shanover_disease_symptoms_prec_full,Hepatitis C,fatigue|yellowish_skin|nausea|loss_of_appetite|yellowing_of_eyes|family_history,"fatigue, yellowish skin, nausea, loss of appetite, yellowing of eyes, family history",6
shanover_disease_symptoms_prec_full,Hepatitis C,fatigue|yellowish_skin|nausea|yellowing_of_eyes|family_history,"fatigue, yellowish skin, nausea, yellowing of eyes, family history",5
shanover_disease_symptoms_prec_full,Hepatitis C,yellowish_skin|nausea|loss_of_appetite|yellowing_of_eyes|family_history,"yellowish skin, nausea, loss of appetite, yellowing of eyes, family history",5
shanover_disease_symptoms_prec_full,Hepatitis D,joint_pain|fatigue|yellowish_skin|dark_urine|nausea|loss_of_appetite|abdominal_pain|yellowing_of_eyes,"joint pain, fatigue, yellowish skin, dark urine, nausea, loss of appetite, abdominal pain, yellowing of eyes",8
shanover_disease_symptoms_prec_full,Hepatitis D,joint_pain|vomiting|fatigue|dark_urine|nausea|loss_of_appetite|abdominal_pain|yellowing_of_eyes,"joint pain, vomiting, fatigue, dark urine, nausea, loss of appetite, abdominal pain, yellowing of eyes",8
shanover_disease_symptoms_prec_full,Hepatitis D,joint_pain|vomiting|fatigue|yellowish_skin|dark_urine|loss_of_appetite|abdominal_pain|yellowing_of_eyes,"joint pain, vomiting, fatigue, yellowish skin, dark urine, loss of appetite, abdominal pain, yellowing of eyes",8
shanover_disease_symptoms_prec_full,Hepatitis D,joint_pain|vomiting|fatigue|yellowish_skin|dark_urine|nausea|abdominal_pain|yellowing_of_eyes,"joint pain, vomiting, fatigue, yellowish skin, dark urine, nausea, abdominal pain, yellowing of eyes",8
shanover_disease_symptoms_prec_full,Hepatitis D,joint_pain|vomiting|fatigue|yellowish_skin|dark_urine|nausea|loss_of_appetite|abdominal_pain,"joint pain, vomiting, fatigue, yellowish skin, dark urine, nausea, loss of appetite, abdominal pain",8
shanover_disease_symptoms_prec_full,Hepatitis D,joint_pain|vomiting|fatigue|yellowish_skin|dark_urine|nausea|loss_of_appetite|abdominal_pain|yellowing_of_eyes,"joint pain, vomiting, fatigue, yellowish skin, dark urine, nausea, loss of appetite, abdominal pain, yellowing of eyes",9
shanover_disease_symptoms_prec_full,Hepatitis D,joint_pain|vomiting|fatigue|yellowish_skin|dark_urine|nausea|loss_of_appetite|yellowing_of_eyes,"joint pain, vomiting, fatigue, yellowish skin, dark urine, nausea, loss of appetite, yellowing of eyes",8
shanover_disease_symptoms_prec_full,Hepatitis D,joint_pain|vomiting|fatigue|yellowish_skin|nausea|loss_of_appetite|abdominal_pain|yellowing_of_eyes,"joint pain, vomiting, fatigue, yellowish skin, nausea, loss of appetite, abdominal pain, yellowing of eyes",8
shanover_disease_symptoms_prec_full,Hepatitis D,joint_pain|vomiting|yellowish_skin|dark_urine|nausea|loss_of_appetite|abdominal_pain|yellowing_of_eyes,"joint pain, vomiting, yellowish skin, dark urine, nausea, loss of appetite, abdominal pain, yellowing of eyes",8
shanover_disease_symptoms_prec_full,Hepatitis D,vomiting|fatigue|yellowish_skin|dark_urine|nausea|loss_of_appetite|abdominal_pain|yellowing_of_eyes,"vomiting, fatigue, yellowish skin, dark urine, nausea, loss of appetite, abdominal pain, yellowing of eyes",8
shanover_disease_symptoms_prec_full,Hepatitis E,joint_pain|fatigue|high_fever|yellowish_skin|dark_urine|nausea|loss_of_appetite|abdominal_pain|yellowing_of_eyes|acute_liver_failure|coma|stomach_bleeding,"joint pain, fatigue, high fever, yellowish skin, dark urine, nausea, loss of appetite, abdominal pain, yellowing of eyes, acute liver failure, coma, stomach bleeding",12
shanover_disease_symptoms_prec_full,Hepatitis E,joint_pain|vomiting|fatigue|high_fever|dark_urine|nausea|loss_of_appetite|abdominal_pain|yellowing_of_eyes|acute_liver_failure|coma|stomach_bleeding,"joint pain, vomiting, fatigue, high fever, dark urine, nausea, loss of appetite, abdominal pain, yellowing of eyes, acute liver failure, coma, stomach bleeding",12
shanover_disease_symptoms_prec_full,Hepatitis E,joint_pain|vomiting|fatigue|high_fever|yellowish_skin|dark_urine|loss_of_appetite|abdominal_pain|yellowing_of_eyes|acute_liver_failure|coma|stomach_bleeding,"joint pain, vomiting, fatigue, high fever, yellowish skin, dark urine, loss of appetite, abdominal pain, yellowing of eyes, acute liver failure, coma, stomach bleeding",12
shanover_disease_symptoms_prec_full,Hepatitis E,joint_pain|vomiting|fatigue|high_fever|yellowish_skin|dark_urine|nausea|loss_of_appetite|abdominal_pain|yellowing_of_eyes|acute_liver_failure|coma|stomach_bleeding,"joint pain, vomiting, fatigue, high fever, yellowish skin, dark urine, nausea, loss of appetite, abdominal pain, yellowing of eyes, acute liver failure, coma, stomach bleeding",13
shanover_disease_symptoms_prec_full,Hepatitis E,joint_pain|vomiting|fatigue|high_fever|yellowish_skin|dark_urine|nausea|loss_of_appetite|abdominal_pain|yellowing_of_eyes|coma|stomach_bleeding,"joint pain, vomiting, fatigue, high fever, yellowish skin, dark urine, nausea, loss of appetite, abdominal pain, yellowing of eyes, coma, stomach bleeding",12
shanover_disease_symptoms_prec_full,Hepatitis E,joint_pain|vomiting|fatigue|high_fever|yellowish_skin|nausea|loss_of_appetite|abdominal_pain|yellowing_of_eyes|acute_liver_failure|coma|stomach_bleeding,"joint pain, vomiting, fatigue, high fever, yellowish skin, nausea, loss of appetite, abdominal pain, yellowing of eyes, acute liver failure, coma, stomach bleeding",12
shanover_disease_symptoms_prec_full,Hepatitis E,joint_pain|vomiting|fatigue|yellowish_skin|dark_urine|nausea|loss_of_appetite|abdominal_pain|yellowing_of_eyes|acute_liver_failure|coma|stomach_bleeding,"joint pain, vomiting, fatigue, yellowish skin, dark urine, nausea, loss of appetite, abdominal pain, yellowing of eyes, acute liver failure, coma, stomach bleeding",12
shanover_disease_symptoms_prec_full,Hepatitis E,joint_pain|vomiting|high_fever|yellowish_skin|dark_urine|nausea|loss_of_appetite|abdominal_pain|yellowing_of_eyes|acute_liver_failure|coma|stomach_bleeding,"joint pain, vomiting, high fever, yellowish skin, dark urine, nausea, loss of appetite, abdominal pain, yellowing of eyes, acute liver failure, coma, stomach bleeding",12
shanover_disease_symptoms_prec_full,Hepatitis E,vomiting|fatigue|high_fever|yellowish_skin|dark_urine|nausea|loss_of_appetite|abdominal_pain|yellowing_of_eyes|acute_liver_failure|coma|stomach_bleeding,"vomiting, fatigue, high fever, yellowish skin, dark urine, nausea, loss of appetite, abdominal pain, yellowing of eyes, acute liver failure, coma, stomach bleeding",12
shanover_disease_symptoms_prec_full,Hypertension,chest_pain|dizziness|loss_of_balance|lack_of_concentration,"chest pain, dizziness, loss of balance, lack of concentration",4
shanover_disease_symptoms_prec_full,Hypertension,headache|chest_pain|dizziness|lack_of_concentration,"headache, chest pain, dizziness, lack of concentration",4
shanover_disease_symptoms_prec_full,Hypertension,headache|chest_pain|dizziness|loss_of_balance,"headache, chest pain, dizziness, loss of balance",4
shanover_disease_symptoms_prec_full,Hypertension,headache|chest_pain|dizziness|loss_of_balance|lack_of_concentration,"headache, chest pain, dizziness, loss of balance, lack of concentration",5
shanover_disease_symptoms_prec_full,Hypertension,headache|chest_pain|loss_of_balance|lack_of_concentration,"headache, chest pain, loss of balance, lack of concentration",4
shanover_disease_symptoms_prec_full,Hypertension,headache|dizziness|loss_of_balance|lack_of_concentration,"headache, dizziness, loss of balance, lack of concentration",4
shanover_disease_symptoms_prec_full,Hyperthyroidism,fatigue|mood_swings|restlessness|sweating|diarrhoea|fast_heart_rate|excessive_hunger|muscle_weakness|irritability|abnormal_menstruation,"fatigue, mood swings, restlessness, sweating, diarrhoea, fast heart rate, excessive hunger, muscle weakness, irritability, abnormal menstruation",10
shanover_disease_symptoms_prec_full,Hyperthyroidism,fatigue|mood_swings|weight_loss|restlessness|diarrhoea|fast_heart_rate|excessive_hunger|muscle_weakness|irritability|abnormal_menstruation,"fatigue, mood swings, weight loss, restlessness, diarrhoea, fast heart rate, excessive hunger, muscle weakness, irritability, abnormal menstruation",10
shanover_disease_symptoms_prec_full,Hyperthyroidism,fatigue|mood_swings|weight_loss|restlessness|sweating|diarrhoea|excessive_hunger|muscle_weakness|irritability|abnormal_menstruation,"fatigue, mood swings, weight loss, restlessness, sweating, diarrhoea, excessive hunger, muscle weakness, irritability, abnormal menstruation",10
shanover_disease_symptoms_prec_full,Hyperthyroidism,fatigue|mood_swings|weight_loss|restlessness|sweating|diarrhoea|fast_heart_rate|excessive_hunger|muscle_weakness|irritability|abnormal_menstruation,"fatigue, mood swings, weight loss, restlessness, sweating, diarrhoea, fast heart rate, excessive hunger, muscle weakness, irritability, abnormal menstruation",11
shanover_disease_symptoms_prec_full,Hyperthyroidism,fatigue|mood_swings|weight_loss|restlessness|sweating|diarrhoea|fast_heart_rate|muscle_weakness|irritability|abnormal_menstruation,"fatigue, mood swings, weight loss, restlessness, sweating, diarrhoea, fast heart rate, muscle weakness, irritability, abnormal menstruation",10
shanover_disease_symptoms_prec_full,Hyperthyroidism,fatigue|mood_swings|weight_loss|restlessness|sweating|fast_heart_rate|excessive_hunger|muscle_weakness|irritability|abnormal_menstruation,"fatigue, mood swings, weight loss, restlessness, sweating, fast heart rate, excessive hunger, muscle weakness, irritability, abnormal menstruation",10
shanover_disease_symptoms_prec_full,Hyperthyroidism,fatigue|mood_swings|weight_loss|sweating|diarrhoea|fast_heart_rate|excessive_hunger|muscle_weakness|irritability|abnormal_menstruation,"fatigue, mood swings, weight loss, sweating, diarrhoea, fast heart rate, excessive hunger, muscle weakness, irritability, abnormal menstruation",10
shanover_disease_symptoms_prec_full,Hyperthyroidism,fatigue|weight_loss|restlessness|sweating|diarrhoea|fast_heart_rate|excessive_hunger|muscle_weakness|irritability|abnormal_menstruation,"fatigue, weight loss, restlessness, sweating, diarrhoea, fast heart rate, excessive hunger, muscle weakness, irritability, abnormal menstruation",10
shanover_disease_symptoms_prec_full,Hyperthyroidism,mood_swings|weight_loss|restlessness|sweating|diarrhoea|fast_heart_rate|excessive_hunger|muscle_weakness|irritability|abnormal_menstruation,"mood swings, weight loss, restlessness, sweating, diarrhoea, fast heart rate, excessive hunger, muscle weakness, irritability, abnormal menstruation",10
shanover_disease_symptoms_prec_full,Hypoglycemia,fatigue|anxiety|sweating|headache|nausea|blurred_and_distorted_vision|excessive_hunger|drying_and_tingling_lips|slurred_speech|irritability|palpitations,"fatigue, anxiety, sweating, headache, nausea, blurred and distorted vision, excessive hunger, drying and tingling lips, slurred speech, irritability, palpitations",11
shanover_disease_symptoms_prec_full,Hypoglycemia,vomiting|anxiety|sweating|headache|nausea|blurred_and_distorted_vision|excessive_hunger|drying_and_tingling_lips|slurred_speech|irritability|palpitations,"vomiting, anxiety, sweating, headache, nausea, blurred and distorted vision, excessive hunger, drying and tingling lips, slurred speech, irritability, palpitations",11
shanover_disease_symptoms_prec_full,Hypoglycemia,vomiting|fatigue|anxiety|headache|nausea|blurred_and_distorted_vision|excessive_hunger|drying_and_tingling_lips|slurred_speech|irritability|palpitations,"vomiting, fatigue, anxiety, headache, nausea, blurred and distorted vision, excessive hunger, drying and tingling lips, slurred speech, irritability, palpitations",11
shanover_disease_symptoms_prec_full,Hypoglycemia,vomiting|fatigue|anxiety|sweating|headache|blurred_and_distorted_vision|excessive_hunger|drying_and_tingling_lips|slurred_speech|irritability|palpitations,"vomiting, fatigue, anxiety, sweating, headache, blurred and distorted vision, excessive hunger, drying and tingling lips, slurred speech, irritability, palpitations",11
shanover_disease_symptoms_prec_full,Hypoglycemia,vomiting|fatigue|anxiety|sweating|headache|nausea|blurred_and_distorted_vision|excessive_hunger|drying_and_tingling_lips|slurred_speech|irritability|palpitations,"vomiting, fatigue, anxiety, sweating, headache, nausea, blurred and distorted vision, excessive hunger, drying and tingling lips, slurred speech, irritability, palpitations",12
shanover_disease_symptoms_prec_full,Hypoglycemia,vomiting|fatigue|anxiety|sweating|headache|nausea|blurred_and_distorted_vision|excessive_hunger|slurred_speech|irritability|palpitations,"vomiting, fatigue, anxiety, sweating, headache, nausea, blurred and distorted vision, excessive hunger, slurred speech, irritability, palpitations",11
shanover_disease_symptoms_prec_full,Hypoglycemia,vomiting|fatigue|anxiety|sweating|headache|nausea|excessive_hunger|drying_and_tingling_lips|slurred_speech|irritability|palpitations,"vomiting, fatigue, anxiety, sweating, headache, nausea, excessive hunger, drying and tingling lips, slurred speech, irritability, palpitations",11
shanover_disease_symptoms_prec_full,Hypoglycemia,vomiting|fatigue|anxiety|sweating|nausea|blurred_and_distorted_vision|excessive_hunger|drying_and_tingling_lips|slurred_speech|irritability|palpitations,"vomiting, fatigue, anxiety, sweating, nausea, blurred and distorted vision, excessive hunger, drying and tingling lips, slurred speech, irritability, palpitations",11
shanover_disease_symptoms_prec_full,Hypoglycemia,vomiting|fatigue|sweating|headache|nausea|blurred_and_distorted_vision|excessive_hunger|drying_and_tingling_lips|slurred_speech|irritability|palpitations,"vomiting, fatigue, sweating, headache, nausea, blurred and distorted vision, excessive hunger, drying and tingling lips, slurred speech, irritability, palpitations",11
shanover_disease_symptoms_prec_full,Hypothyroidism,fatigue|cold_hands_and_feets|mood_swings|lethargy|dizziness|puffy_face_and_eyes|enlarged_thyroid|brittle_nails|swollen_extremeties|depression|irritability|abnormal_menstruation,"fatigue, cold hands and feets, mood swings, lethargy, dizziness, puffy face and eyes, enlarged thyroid, brittle nails, swollen extremeties, depression, irritability, abnormal menstruation",12
shanover_disease_symptoms_prec_full,Hypothyroidism,fatigue|weight_gain|cold_hands_and_feets|lethargy|dizziness|puffy_face_and_eyes|enlarged_thyroid|brittle_nails|swollen_extremeties|depression|irritability|abnormal_menstruation,"fatigue, weight gain, cold hands and feets, lethargy, dizziness, puffy face and eyes, enlarged thyroid, brittle nails, swollen extremeties, depression, irritability, abnormal menstruation",12
shanover_disease_symptoms_prec_full,Hypothyroidism,fatigue|weight_gain|cold_hands_and_feets|mood_swings|dizziness|puffy_face_and_eyes|enlarged_thyroid|brittle_nails|swollen_extremeties|depression|irritability|abnormal_menstruation,"fatigue, weight gain, cold hands and feets, mood swings, dizziness, puffy face and eyes, enlarged thyroid, brittle nails, swollen extremeties, depression, irritability, abnormal menstruation",12
shanover_disease_symptoms_prec_full,Hypothyroidism,fatigue|weight_gain|cold_hands_and_feets|mood_swings|lethargy|dizziness|enlarged_thyroid|brittle_nails|swollen_extremeties|depression|irritability|abnormal_menstruation,"fatigue, weight gain, cold hands and feets, mood swings, lethargy, dizziness, enlarged thyroid, brittle nails, swollen extremeties, depression, irritability, abnormal menstruation",12
shanover_disease_symptoms_prec_full,Hypothyroidism,fatigue|weight_gain|cold_hands_and_feets|mood_swings|lethargy|dizziness|puffy_face_and_eyes|enlarged_thyroid|brittle_nails|swollen_extremeties|depression|irritability|abnormal_menstruation,"fatigue, weight gain, cold hands and feets, mood swings, lethargy, dizziness, puffy face and eyes, enlarged thyroid, brittle nails, swollen extremeties, depression, irritability, abnormal menstruation",13
shanover_disease_symptoms_prec_full,Hypothyroidism,fatigue|weight_gain|cold_hands_and_feets|mood_swings|lethargy|puffy_face_and_eyes|enlarged_thyroid|brittle_nails|swollen_extremeties|depression|irritability|abnormal_menstruation,"fatigue, weight gain, cold hands and feets, mood swings, lethargy, puffy face and eyes, enlarged thyroid, brittle nails, swollen extremeties, depression, irritability, abnormal menstruation",12
shanover_disease_symptoms_prec_full,Hypothyroidism,fatigue|weight_gain|mood_swings|lethargy|dizziness|puffy_face_and_eyes|enlarged_thyroid|brittle_nails|swollen_extremeties|depression|irritability|abnormal_menstruation,"fatigue, weight gain, mood swings, lethargy, dizziness, puffy face and eyes, enlarged thyroid, brittle nails, swollen extremeties, depression, irritability, abnormal menstruation",12
shanover_disease_symptoms_prec_full,Hypothyroidism,weight_gain|cold_hands_and_feets|mood_swings|lethargy|dizziness|puffy_face_and_eyes|enlarged_thyroid|brittle_nails|swollen_extremeties|depression|irritability|abnormal_menstruation,"weight gain, cold hands and feets, mood swings, lethargy, dizziness, puffy face and eyes, enlarged thyroid, brittle nails, swollen extremeties, depression, irritability, abnormal menstruation",12
shanover_disease_symptoms_prec_full,Impetigo,high_fever|blister|red_sore_around_nose|yellow_crust_ooze,"high fever, blister, red sore around nose, yellow crust ooze",4
shanover_disease_symptoms_prec_full,Impetigo,skin_rash|blister|red_sore_around_nose|yellow_crust_ooze,"skin rash, blister, red sore around nose, yellow crust ooze",4
shanover_disease_symptoms_prec_full,Impetigo,skin_rash|high_fever|blister|red_sore_around_nose,"skin rash, high fever, blister, red sore around nose",4
shanover_disease_symptoms_prec_full,Impetigo,skin_rash|high_fever|blister|red_sore_around_nose|yellow_crust_ooze,"skin rash, high fever, blister, red sore around nose, yellow crust ooze",5
shanover_disease_symptoms_prec_full,Impetigo,skin_rash|high_fever|blister|yellow_crust_ooze,"skin rash, high fever, blister, yellow crust ooze",4
shanover_disease_symptoms_prec_full,Impetigo,skin_rash|high_fever|red_sore_around_nose|yellow_crust_ooze,"skin rash, high fever, red sore around nose, yellow crust ooze",4
shanover_disease_symptoms_prec_full,Jaundice,itching|fatigue|weight_loss|high_fever|yellowish_skin|dark_urine|abdominal_pain,"itching, fatigue, weight loss, high fever, yellowish skin, dark urine, abdominal pain",7
shanover_disease_symptoms_prec_full,Jaundice,itching|vomiting|fatigue|high_fever|yellowish_skin|dark_urine|abdominal_pain,"itching, vomiting, fatigue, high fever, yellowish skin, dark urine, abdominal pain",7
shanover_disease_symptoms_prec_full,Jaundice,itching|vomiting|fatigue|weight_loss|high_fever|dark_urine|abdominal_pain,"itching, vomiting, fatigue, weight loss, high fever, dark urine, abdominal pain",7
shanover_disease_symptoms_prec_full,Jaundice,itching|vomiting|fatigue|weight_loss|high_fever|yellowish_skin|abdominal_pain,"itching, vomiting, fatigue, weight loss, high fever, yellowish skin, abdominal pain",7
shanover_disease_symptoms_prec_full,Jaundice,itching|vomiting|fatigue|weight_loss|high_fever|yellowish_skin|dark_urine,"itching, vomiting, fatigue, weight loss, high fever, yellowish skin, dark urine",7
shanover_disease_symptoms_prec_full,Jaundice,itching|vomiting|fatigue|weight_loss|high_fever|yellowish_skin|dark_urine|abdominal_pain,"itching, vomiting, fatigue, weight loss, high fever, yellowish skin, dark urine, abdominal pain",8
shanover_disease_symptoms_prec_full,Jaundice,itching|vomiting|fatigue|weight_loss|yellowish_skin|dark_urine|abdominal_pain,"itching, vomiting, fatigue, weight loss, yellowish skin, dark urine, abdominal pain",7
shanover_disease_symptoms_prec_full,Jaundice,itching|vomiting|weight_loss|high_fever|yellowish_skin|dark_urine|abdominal_pain,"itching, vomiting, weight loss, high fever, yellowish skin, dark urine, abdominal pain",7
shanover_disease_symptoms_prec_full,Jaundice,vomiting|fatigue|weight_loss|high_fever|yellowish_skin|dark_urine|abdominal_pain,"vomiting, fatigue, weight loss, high fever, yellowish skin, dark urine, abdominal pain",7
shanover_disease_symptoms_prec_full,Malaria,chills|high_fever|sweating|headache|nausea|diarrhoea|muscle_pain,"chills, high fever, sweating, headache, nausea, diarrhoea, muscle pain",7
shanover_disease_symptoms_prec_full,Malaria,chills|vomiting|high_fever|headache|nausea|diarrhoea|muscle_pain,"chills, vomiting, high fever, headache, nausea, diarrhoea, muscle pain",7
shanover_disease_symptoms_prec_full,Malaria,chills|vomiting|high_fever|sweating|headache|diarrhoea|muscle_pain,"chills, vomiting, high fever, sweating, headache, diarrhoea, muscle pain",7
shanover_disease_symptoms_prec_full,Malaria,chills|vomiting|high_fever|sweating|headache|nausea|diarrhoea|muscle_pain,"chills, vomiting, high fever, sweating, headache, nausea, diarrhoea, muscle pain",8
shanover_disease_symptoms_prec_full,Malaria,chills|vomiting|high_fever|sweating|headache|nausea|muscle_pain,"chills, vomiting, high fever, sweating, headache, nausea, muscle pain",7
shanover_disease_symptoms_prec_full,Malaria,chills|vomiting|high_fever|sweating|nausea|diarrhoea|muscle_pain,"chills, vomiting, high fever, sweating, nausea, diarrhoea, muscle pain",7
shanover_disease_symptoms_prec_full,Malaria,chills|vomiting|sweating|headache|nausea|diarrhoea|muscle_pain,"chills, vomiting, sweating, headache, nausea, diarrhoea, muscle pain",7
shanover_disease_symptoms_prec_full,Malaria,vomiting|high_fever|sweating|headache|nausea|diarrhoea|muscle_pain,"vomiting, high fever, sweating, headache, nausea, diarrhoea, muscle pain",7
shanover_disease_symptoms_prec_full,Migraine,acidity|headache|blurred_and_distorted_vision|excessive_hunger|stiff_neck|depression|irritability|visual_disturbances,"acidity, headache, blurred and distorted vision, excessive hunger, stiff neck, depression, irritability, visual disturbances",8
shanover_disease_symptoms_prec_full,Migraine,acidity|indigestion|blurred_and_distorted_vision|excessive_hunger|stiff_neck|depression|irritability|visual_disturbances,"acidity, indigestion, blurred and distorted vision, excessive hunger, stiff neck, depression, irritability, visual disturbances",8
shanover_disease_symptoms_prec_full,Migraine,acidity|indigestion|headache|blurred_and_distorted_vision|excessive_hunger|depression|irritability|visual_disturbances,"acidity, indigestion, headache, blurred and distorted vision, excessive hunger, depression, irritability, visual disturbances",8
shanover_disease_symptoms_prec_full,Migraine,acidity|indigestion|headache|blurred_and_distorted_vision|excessive_hunger|stiff_neck|depression|irritability,"acidity, indigestion, headache, blurred and distorted vision, excessive hunger, stiff neck, depression, irritability",8
shanover_disease_symptoms_prec_full,Migraine,acidity|indigestion|headache|blurred_and_distorted_vision|excessive_hunger|stiff_neck|depression|irritability|visual_disturbances,"acidity, indigestion, headache, blurred and distorted vision, excessive hunger, stiff neck, depression, irritability, visual disturbances",9
shanover_disease_symptoms_prec_full,Migraine,acidity|indigestion|headache|blurred_and_distorted_vision|excessive_hunger|stiff_neck|depression|visual_disturbances,"acidity, indigestion, headache, blurred and distorted vision, excessive hunger, stiff neck, depression, visual disturbances",8
shanover_disease_symptoms_prec_full,Migraine,acidity|indigestion|headache|blurred_and_distorted_vision|excessive_hunger|stiff_neck|irritability|visual_disturbances,"acidity, indigestion, headache, blurred and distorted vision, excessive hunger, stiff neck, irritability, visual disturbances",8
shanover_disease_symptoms_prec_full,Migraine,acidity|indigestion|headache|blurred_and_distorted_vision|stiff_neck|depression|irritability|visual_disturbances,"acidity, indigestion, headache, blurred and distorted vision, stiff neck, depression, irritability, visual disturbances",8
shanover_disease_symptoms_prec_full,Migraine,acidity|indigestion|headache|excessive_hunger|stiff_neck|depression|irritability|visual_disturbances,"acidity, indigestion, headache, excessive hunger, stiff neck, depression, irritability, visual disturbances",8
shanover_disease_symptoms_prec_full,Migraine,indigestion|headache|blurred_and_distorted_vision|excessive_hunger|stiff_neck|depression|irritability|visual_disturbances,"indigestion, headache, blurred and distorted vision, excessive hunger, stiff neck, depression, irritability, visual disturbances",8
shanover_disease_symptoms_prec_full,Osteoarthristis,joint_pain|knee_pain|hip_joint_pain|swelling_joints|painful_walking,"joint pain, knee pain, hip joint pain, swelling joints, painful walking",5
shanover_disease_symptoms_prec_full,Osteoarthristis,joint_pain|neck_pain|hip_joint_pain|swelling_joints|painful_walking,"joint pain, neck pain, hip joint pain, swelling joints, painful walking",5
shanover_disease_symptoms_prec_full,Osteoarthristis,joint_pain|neck_pain|knee_pain|hip_joint_pain|painful_walking,"joint pain, neck pain, knee pain, hip joint pain, painful walking",5
shanover_disease_symptoms_prec_full,Osteoarthristis,joint_pain|neck_pain|knee_pain|hip_joint_pain|swelling_joints,"joint pain, neck pain, knee pain, hip joint pain, swelling joints",5
shanover_disease_symptoms_prec_full,Osteoarthristis,joint_pain|neck_pain|knee_pain|hip_joint_pain|swelling_joints|painful_walking,"joint pain, neck pain, knee pain, hip joint pain, swelling joints, painful walking",6
shanover_disease_symptoms_prec_full,Osteoarthristis,joint_pain|neck_pain|knee_pain|swelling_joints|painful_walking,"joint pain, neck pain, knee pain, swelling joints, painful walking",5
shanover_disease_symptoms_prec_full,Osteoarthristis,neck_pain|knee_pain|hip_joint_pain|swelling_joints|painful_walking,"neck pain, knee pain, hip joint pain, swelling joints, painful walking",5
shanover_disease_symptoms_prec_full,Paralysis (brain hemorrhage),headache|weakness_of_one_body_side|altered_sensorium,"headache, weakness of one body side, altered sensorium",3
shanover_disease_symptoms_prec_full,Paralysis (brain hemorrhage),vomiting|headache|altered_sensorium,"vomiting, headache, altered sensorium",3
shanover_disease_symptoms_prec_full,Paralysis (brain hemorrhage),vomiting|headache|weakness_of_one_body_side,"vomiting, headache, weakness of one body side",3
shanover_disease_symptoms_prec_full,Paralysis (brain hemorrhage),vomiting|headache|weakness_of_one_body_side|altered_sensorium,"vomiting, headache, weakness of one body side, altered sensorium",4
shanover_disease_symptoms_prec_full,Paralysis (brain hemorrhage),vomiting|weakness_of_one_body_side|altered_sensorium,"vomiting, weakness of one body side, altered sensorium",3
shanover_disease_symptoms_prec_full,Peptic ulcer diseae,indigestion|loss_of_appetite|abdominal_pain|passage_of_gases|internal_itching,"indigestion, loss of appetite, abdominal pain, passage of gases, internal itching",5
shanover_disease_symptoms_prec_full,Peptic ulcer diseae,vomiting|indigestion|abdominal_pain|passage_of_gases|internal_itching,"vomiting, indigestion, abdominal pain, passage of gases, internal itching",5
shanover_disease_symptoms_prec_full,Peptic ulcer diseae,vomiting|indigestion|loss_of_appetite|abdominal_pain|internal_itching,"vomiting, indigestion, loss of appetite, abdominal pain, internal itching",5
shanover_disease_symptoms_prec_full,Peptic ulcer diseae,vomiting|indigestion|loss_of_appetite|abdominal_pain|passage_of_gases,"vomiting, indigestion, loss of appetite, abdominal pain, passage of gases",5
shanover_disease_symptoms_prec_full,Peptic ulcer diseae,vomiting|indigestion|loss_of_appetite|abdominal_pain|passage_of_gases|internal_itching,"vomiting, indigestion, loss of appetite, abdominal pain, passage of gases, internal itching",6
shanover_disease_symptoms_prec_full,Peptic ulcer diseae,vomiting|indigestion|loss_of_appetite|passage_of_gases|internal_itching,"vomiting, indigestion, loss of appetite, passage of gases, internal itching",5
shanover_disease_symptoms_prec_full,Peptic ulcer diseae,vomiting|loss_of_appetite|abdominal_pain|passage_of_gases|internal_itching,"vomiting, loss of appetite, abdominal pain, passage of gases, internal itching",5
shanover_disease_symptoms_prec_full,Pneumonia,chills|cough|high_fever|breathlessness|sweating|malaise|phlegm|chest_pain|fast_heart_rate|rusty_sputum,"chills, cough, high fever, breathlessness, sweating, malaise, phlegm, chest pain, fast heart rate, rusty sputum",10
shanover_disease_symptoms_prec_full,Pneumonia,chills|fatigue|cough|breathlessness|sweating|malaise|phlegm|chest_pain|fast_heart_rate|rusty_sputum,"chills, fatigue, cough, breathlessness, sweating, malaise, phlegm, chest pain, fast heart rate, rusty sputum",10
shanover_disease_symptoms_prec_full,Pneumonia,chills|fatigue|cough|high_fever|breathlessness|malaise|phlegm|chest_pain|fast_heart_rate|rusty_sputum,"chills, fatigue, cough, high fever, breathlessness, malaise, phlegm, chest pain, fast heart rate, rusty sputum",10
shanover_disease_symptoms_prec_full,Pneumonia,chills|fatigue|cough|high_fever|breathlessness|sweating|malaise|chest_pain|fast_heart_rate|rusty_sputum,"chills, fatigue, cough, high fever, breathlessness, sweating, malaise, chest pain, fast heart rate, rusty sputum",10
shanover_disease_symptoms_prec_full,Pneumonia,chills|fatigue|cough|high_fever|breathlessness|sweating|malaise|phlegm|chest_pain|fast_heart_rate|rusty_sputum,"chills, fatigue, cough, high fever, breathlessness, sweating, malaise, phlegm, chest pain, fast heart rate, rusty sputum",11
shanover_disease_symptoms_prec_full,Pneumonia,chills|fatigue|cough|high_fever|breathlessness|sweating|phlegm|chest_pain|fast_heart_rate|rusty_sputum,"chills, fatigue, cough, high fever, breathlessness, sweating, phlegm, chest pain, fast heart rate, rusty sputum",10
shanover_disease_symptoms_prec_full,Pneumonia,chills|fatigue|cough|high_fever|sweating|malaise|phlegm|chest_pain|fast_heart_rate|rusty_sputum,"chills, fatigue, cough, high fever, sweating, malaise, phlegm, chest pain, fast heart rate, rusty sputum",10
shanover_disease_symptoms_prec_full,Pneumonia,chills|fatigue|high_fever|breathlessness|sweating|malaise|phlegm|chest_pain|fast_heart_rate|rusty_sputum,"chills, fatigue, high fever, breathlessness, sweating, malaise, phlegm, chest pain, fast heart rate, rusty sputum",10
shanover_disease_symptoms_prec_full,Pneumonia,fatigue|cough|high_fever|breathlessness|sweating|malaise|phlegm|chest_pain|fast_heart_rate|rusty_sputum,"fatigue, cough, high fever, breathlessness, sweating, malaise, phlegm, chest pain, fast heart rate, rusty sputum",10
shanover_disease_symptoms_prec_full,Psoriasis,joint_pain|skin_peeling|silver_like_dusting|small_dents_in_nails|inflammatory_nails,"joint pain, skin peeling, silver like dusting, small dents in nails, inflammatory nails",5
shanover_disease_symptoms_prec_full,Psoriasis,skin_rash|joint_pain|silver_like_dusting|small_dents_in_nails|inflammatory_nails,"skin rash, joint pain, silver like dusting, small dents in nails, inflammatory nails",5
shanover_disease_symptoms_prec_full,Psoriasis,skin_rash|joint_pain|skin_peeling|silver_like_dusting|inflammatory_nails,"skin rash, joint pain, skin peeling, silver like dusting, inflammatory nails",5
shanover_disease_symptoms_prec_full,Psoriasis,skin_rash|joint_pain|skin_peeling|silver_like_dusting|small_dents_in_nails,"skin rash, joint pain, skin peeling, silver like dusting, small dents in nails",5
shanover_disease_symptoms_prec_full,Psoriasis,skin_rash|joint_pain|skin_peeling|silver_like_dusting|small_dents_in_nails|inflammatory_nails,"skin rash, joint pain, skin peeling, silver like dusting, small dents in nails, inflammatory nails",6
shanover_disease_symptoms_prec_full,Psoriasis,skin_rash|joint_pain|skin_peeling|small_dents_in_nails|inflammatory_nails,"skin rash, joint pain, skin peeling, small dents in nails, inflammatory nails",5
shanover_disease_symptoms_prec_full,Psoriasis,skin_rash|skin_peeling|silver_like_dusting|small_dents_in_nails|inflammatory_nails,"skin rash, skin peeling, silver like dusting, small dents in nails, inflammatory nails",5
shanover_disease_symptoms_prec_full,Tuberculosis,chills|fatigue|weight_loss|cough|high_fever|breathlessness|sweating|loss_of_appetite|mild_fever|yellowing_of_eyes|swelled_lymph_nodes|malaise|phlegm|chest_pain|blood_in_sputum,"chills, fatigue, weight loss, cough, high fever, breathlessness, sweating, loss of appetite, mild fever, yellowing of eyes, swelled lymph nodes, malaise, phlegm, chest pain, blood in sputum",15
shanover_disease_symptoms_prec_full,Tuberculosis,chills|vomiting|fatigue|cough|high_fever|breathlessness|sweating|loss_of_appetite|mild_fever|yellowing_of_eyes|swelled_lymph_nodes|malaise|phlegm|chest_pain|blood_in_sputum,"chills, vomiting, fatigue, cough, high fever, breathlessness, sweating, loss of appetite, mild fever, yellowing of eyes, swelled lymph nodes, malaise, phlegm, chest pain, blood in sputum",15
shanover_disease_symptoms_prec_full,Tuberculosis,chills|vomiting|fatigue|weight_loss|cough|breathlessness|sweating|loss_of_appetite|mild_fever|yellowing_of_eyes|swelled_lymph_nodes|malaise|phlegm|chest_pain|blood_in_sputum,"chills, vomiting, fatigue, weight loss, cough, breathlessness, sweating, loss of appetite, mild fever, yellowing of eyes, swelled lymph nodes, malaise, phlegm, chest pain, blood in sputum",15
shanover_disease_symptoms_prec_full,Tuberculosis,chills|vomiting|fatigue|weight_loss|cough|high_fever|breathlessness|loss_of_appetite|mild_fever|yellowing_of_eyes|swelled_lymph_nodes|malaise|phlegm|chest_pain|blood_in_sputum,"chills, vomiting, fatigue, weight loss, cough, high fever, breathlessness, loss of appetite, mild fever, yellowing of eyes, swelled lymph nodes, malaise, phlegm, chest pain, blood in sputum",15
shanover_disease_symptoms_prec_full,Tuberculosis,chills|vomiting|fatigue|weight_loss|cough|high_fever|breathlessness|sweating|loss_of_appetite|mild_fever|yellowing_of_eyes|swelled_lymph_nodes|malaise|phlegm|chest_pain|blood_in_sputum,"chills, vomiting, fatigue, weight loss, cough, high fever, breathlessness, sweating, loss of appetite, mild fever, yellowing of eyes, swelled lymph nodes, malaise, phlegm, chest pain, blood in sputum",16
shanover_disease_symptoms_prec_full,Tuberculosis,chills|vomiting|fatigue|weight_loss|cough|high_fever|sweating|loss_of_appetite|mild_fever|yellowing_of_eyes|swelled_lymph_nodes|malaise|phlegm|chest_pain|blood_in_sputum,"chills, vomiting, fatigue, weight loss, cough, high fever, sweating, loss of appetite, mild fever, yellowing of eyes, swelled lymph nodes, malaise, phlegm, chest pain, blood in sputum",15
shanover_disease_symptoms_prec_full,Tuberculosis,chills|vomiting|fatigue|weight_loss|high_fever|breathlessness|sweating|loss_of_appetite|mild_fever|yellowing_of_eyes|swelled_lymph_nodes|malaise|phlegm|chest_pain|blood_in_sputum,"chills, vomiting, fatigue, weight loss, high fever, breathlessness, sweating, loss of appetite, mild fever, yellowing of eyes, swelled lymph nodes, malaise, phlegm, chest pain, blood in sputum",15
shanover_disease_symptoms_prec_full,Tuberculosis,chills|vomiting|weight_loss|cough|high_fever|breathlessness|sweating|loss_of_appetite|mild_fever|yellowing_of_eyes|swelled_lymph_nodes|malaise|phlegm|chest_pain|blood_in_sputum,"chills, vomiting, weight loss, cough, high fever, breathlessness, sweating, loss of appetite, mild fever, yellowing of eyes, swelled lymph nodes, malaise, phlegm, chest pain, blood in sputum",15
shanover_disease_symptoms_prec_full,Tuberculosis,vomiting|fatigue|weight_loss|cough|high_fever|breathlessness|sweating|loss_of_appetite|mild_fever|yellowing_of_eyes|swelled_lymph_nodes|malaise|phlegm|chest_pain|blood_in_sputum,"vomiting, fatigue, weight loss, cough, high fever, breathlessness, sweating, loss of appetite, mild fever, yellowing of eyes, swelled lymph nodes, malaise, phlegm, chest pain, blood in sputum",15
shanover_disease_symptoms_prec_full,Typhoid,chills|fatigue|high_fever|headache|nausea|constipation|abdominal_pain|diarrhoea|toxic_look_(typhos)|belly_pain,"chills, fatigue, high fever, headache, nausea, constipation, abdominal pain, diarrhoea, toxic look (typhos), belly pain",10
shanover_disease_symptoms_prec_full,Typhoid,chills|vomiting|fatigue|high_fever|headache|constipation|abdominal_pain|diarrhoea|toxic_look_(typhos)|belly_pain,"chills, vomiting, fatigue, high fever, headache, constipation, abdominal pain, diarrhoea, toxic look (typhos), belly pain",10
shanover_disease_symptoms_prec_full,Typhoid,chills|vomiting|fatigue|high_fever|headache|nausea|abdominal_pain|diarrhoea|toxic_look_(typhos)|belly_pain,"chills, vomiting, fatigue, high fever, headache, nausea, abdominal pain, diarrhoea, toxic look (typhos), belly pain",10
shanover_disease_symptoms_prec_full,Typhoid,chills|vomiting|fatigue|high_fever|headache|nausea|constipation|abdominal_pain|diarrhoea|belly_pain,"chills, vomiting, fatigue, high fever, headache, nausea, constipation, abdominal pain, diarrhoea, belly pain",10
shanover_disease_symptoms_prec_full,Typhoid,chills|vomiting|fatigue|high_fever|headache|nausea|constipation|abdominal_pain|diarrhoea|toxic_look_(typhos),"chills, vomiting, fatigue, high fever, headache, nausea, constipation, abdominal pain, diarrhoea, toxic look (typhos)",10
shanover_disease_symptoms_prec_full,Typhoid,chills|vomiting|fatigue|high_fever|headache|nausea|constipation|abdominal_pain|diarrhoea|toxic_look_(typhos)|belly_pain,"chills, vomiting, fatigue, high fever, headache, nausea, constipation, abdominal pain, diarrhoea, toxic look (typhos), belly pain",11
shanover_disease_symptoms_prec_full,Typhoid,chills|vomiting|fatigue|high_fever|headache|nausea|constipation|abdominal_pain|toxic_look_(typhos)|belly_pain,"chills, vomiting, fatigue, high fever, headache, nausea, constipation, abdominal pain, toxic look (typhos), belly pain",10
shanover_disease_symptoms_prec_full,Typhoid,chills|vomiting|fatigue|high_fever|headache|nausea|constipation|diarrhoea|toxic_look_(typhos)|belly_pain,"chills, vomiting, fatigue, high fever, headache, nausea, constipation, diarrhoea, toxic look (typhos), belly pain",10
shanover_disease_symptoms_prec_full,Typhoid,chills|vomiting|fatigue|high_fever|nausea|constipation|abdominal_pain|diarrhoea|toxic_look_(typhos)|belly_pain,"chills, vomiting, fatigue, high fever, nausea, constipation, abdominal pain, diarrhoea, toxic look (typhos), belly pain",10
shanover_disease_symptoms_prec_full,Urinary tract infection,bladder_discomfort|foul_smell_of_urine|continuous_feel_of_urine,"bladder discomfort, foul smell of urine, continuous feel of urine",3
shanover_disease_symptoms_prec_full,Urinary tract infection,burning_micturition|bladder_discomfort|continuous_feel_of_urine,"burning micturition, bladder discomfort, continuous feel of urine",3
shanover_disease_symptoms_prec_full,Urinary tract infection,burning_micturition|bladder_discomfort|foul_smell_of_urine,"burning micturition, bladder discomfort, foul smell of urine",3
shanover_disease_symptoms_prec_full,Urinary tract infection,burning_micturition|bladder_discomfort|foul_smell_of_urine|continuous_feel_of_urine,"burning micturition, bladder discomfort, foul smell of urine, continuous feel of urine",4
shanover_disease_symptoms_prec_full,Urinary tract infection,burning_micturition|foul_smell_of_urine|continuous_feel_of_urine,"burning micturition, foul smell of urine, continuous feel of urine",3
shanover_disease_symptoms_prec_full,Varicose veins,cramps|bruising|obesity|swollen_legs|swollen_blood_vessels|prominent_veins_on_calf,"cramps, bruising, obesity, swollen legs, swollen blood vessels, prominent veins on calf",6
shanover_disease_symptoms_prec_full,Varicose veins,fatigue|bruising|obesity|swollen_legs|swollen_blood_vessels|prominent_veins_on_calf,"fatigue, bruising, obesity, swollen legs, swollen blood vessels, prominent veins on calf",6
shanover_disease_symptoms_prec_full,Varicose veins,fatigue|cramps|bruising|obesity|swollen_blood_vessels|prominent_veins_on_calf,"fatigue, cramps, bruising, obesity, swollen blood vessels, prominent veins on calf",6
shanover_disease_symptoms_prec_full,Varicose veins,fatigue|cramps|bruising|obesity|swollen_legs|prominent_veins_on_calf,"fatigue, cramps, bruising, obesity, swollen legs, prominent veins on calf",6
shanover_disease_symptoms_prec_full,Varicose veins,fatigue|cramps|bruising|obesity|swollen_legs|swollen_blood_vessels,"fatigue, cramps, bruising, obesity, swollen legs, swollen blood vessels",6
shanover_disease_symptoms_prec_full,Varicose veins,fatigue|cramps|bruising|obesity|swollen_legs|swollen_blood_vessels|prominent_veins_on_calf,"fatigue, cramps, bruising, obesity, swollen legs, swollen blood vessels, prominent veins on calf",7
shanover_disease_symptoms_prec_full,Varicose veins,fatigue|cramps|bruising|swollen_legs|swollen_blood_vessels|prominent_veins_on_calf,"fatigue, cramps, bruising, swollen legs, swollen blood vessels, prominent veins on calf",6
shanover_disease_symptoms_prec_full,Varicose veins,fatigue|cramps|obesity|swollen_legs|swollen_blood_vessels|prominent_veins_on_calf,"fatigue, cramps, obesity, swollen legs, swollen blood vessels, prominent veins on calf",6
shanover_disease_symptoms_prec_full,hepatitis A,joint_pain|vomiting|dark_urine|nausea|loss_of_appetite|abdominal_pain|diarrhoea|mild_fever|yellowing_of_eyes|muscle_pain,"joint pain, vomiting, dark urine, nausea, loss of appetite, abdominal pain, diarrhoea, mild fever, yellowing of eyes, muscle pain",10
shanover_disease_symptoms_prec_full,hepatitis A,joint_pain|vomiting|yellowish_skin|dark_urine|loss_of_appetite|abdominal_pain|diarrhoea|mild_fever|yellowing_of_eyes|muscle_pain,"joint pain, vomiting, yellowish skin, dark urine, loss of appetite, abdominal pain, diarrhoea, mild fever, yellowing of eyes, muscle pain",10
shanover_disease_symptoms_prec_full,hepatitis A,joint_pain|vomiting|yellowish_skin|dark_urine|nausea|abdominal_pain|diarrhoea|mild_fever|yellowing_of_eyes|muscle_pain,"joint pain, vomiting, yellowish skin, dark urine, nausea, abdominal pain, diarrhoea, mild fever, yellowing of eyes, muscle pain",10
shanover_disease_symptoms_prec_full,hepatitis A,joint_pain|vomiting|yellowish_skin|dark_urine|nausea|loss_of_appetite|abdominal_pain|diarrhoea|mild_fever|yellowing_of_eyes|muscle_pain,"joint pain, vomiting, yellowish skin, dark urine, nausea, loss of appetite, abdominal pain, diarrhoea, mild fever, yellowing of eyes, muscle pain",11
shanover_disease_symptoms_prec_full,hepatitis A,joint_pain|vomiting|yellowish_skin|dark_urine|nausea|loss_of_appetite|abdominal_pain|mild_fever|yellowing_of_eyes|muscle_pain,"joint pain, vomiting, yellowish skin, dark urine, nausea, loss of appetite, abdominal pain, mild fever, yellowing of eyes, muscle pain",10
shanover_disease_symptoms_prec_full,hepatitis A,joint_pain|vomiting|yellowish_skin|dark_urine|nausea|loss_of_appetite|diarrhoea|mild_fever|yellowing_of_eyes|muscle_pain,"joint pain, vomiting, yellowish skin, dark urine, nausea, loss of appetite, diarrhoea, mild fever, yellowing of eyes, muscle pain",10
shanover_disease_symptoms_prec_full,hepatitis A,joint_pain|vomiting|yellowish_skin|nausea|loss_of_appetite|abdominal_pain|diarrhoea|mild_fever|yellowing_of_eyes|muscle_pain,"joint pain, vomiting, yellowish skin, nausea, loss of appetite, abdominal pain, diarrhoea, mild fever, yellowing of eyes, muscle pain",10
shanover_disease_symptoms_prec_full,hepatitis A,joint_pain|yellowish_skin|dark_urine|nausea|loss_of_appetite|abdominal_pain|diarrhoea|mild_fever|yellowing_of_eyes|muscle_pain,"joint pain, yellowish skin, dark urine, nausea, loss of appetite, abdominal pain, diarrhoea, mild fever, yellowing of eyes, muscle pain",10
shanover_disease_symptoms_prec_full,hepatitis A,vomiting|yellowish_skin|dark_urine|nausea|loss_of_appetite|abdominal_pain|diarrhoea|mild_fever|yellowing_of_eyes|muscle_pain,"vomiting, yellowish skin, dark urine, nausea, loss of appetite, abdominal pain, diarrhoea, mild fever, yellowing of eyes, muscle pain",10
